"","baseMean","log2FoldChange","lfcSE","stat","pvalue","padj","locus_tag","gene_name","product"
"lcl|NC_002945.4_trna_BQ2027_RS00040_1",49.6703339286377,-1.11752407608595,0.365633977806709,-3.05640105656899,0.00224011400468818,0.0126939793598997,"BQ2027_RS00040",NA,"tRNA-Ile"
"lcl|NC_002945.4_trna_BQ2027_RS00045_2",42.6430343004408,0.154783717046822,0.411048628087733,0.376558164825661,0.706501982559306,0.916797404975278,"BQ2027_RS00045",NA,"tRNA-Ala"
"lcl|NC_002945.4_trna_BQ2027_RS00130_3",95.2500589372622,-0.056881196298005,0.275850465992474,-0.206203009639131,0.836632337014937,0.918935643703007,"BQ2027_RS00130",NA,"tRNA-Leu"
"lcl|NC_002945.4_trna_BQ2027_RS01685_4",17.9719073676409,1.0478427329221,0.434439508486343,2.41194162237443,0.0158678219737601,0.0674382433884806,"BQ2027_RS01685",NA,"tRNA-Gly"
"lcl|NC_002945.4_trna_BQ2027_RS02965_5",9.15436439989479,-0.574531268497347,0.479472080879243,-1.19825802462531,0.230816582349487,0.420415917850851,"BQ2027_RS02965",NA,"tRNA-Tyr"
"lcl|NC_002945.4_trna_BQ2027_RS03325_6",38.0294716514735,0.614067011046819,0.361277433876999,1.69971039834136,0.0891854124654113,0.216593144558856,"BQ2027_RS03325",NA,"tRNA-Thr"
"lcl|NC_002945.4_trna_BQ2027_RS03330_7",82.900570981765,0.458450783369094,0.275155070280096,1.66615422678714,0.0956827001965371,0.221809895910154,"BQ2027_RS03330",NA,"tRNA-Met"
"lcl|NC_002945.4_trna_BQ2027_RS03355_8",499.414081661321,-0.522173880252419,0.233182968545219,-2.23933112915646,0.025134378865471,0.0986041017030016,"BQ2027_RS03355",NA,"tRNA-Trp"
"lcl|NC_002945.4_trna_BQ2027_RS03990_9",87.4748921350834,0.860051960775069,0.304467498834761,2.82477428318821,0.00473139334826742,0.0241301060761638,"BQ2027_RS03990",NA,"tRNA-Thr"
"lcl|NC_002945.4_trna_BQ2027_RS04370_10",11.1614483563519,0.213128257116055,0.47319311091309,0.450404395585546,0.652418876089575,0.908892085183321,"BQ2027_RS04370",NA,"tRNA-Lys"
"lcl|NC_002945.4_trna_BQ2027_RS04375_11",74.1205313054085,1.29430503302822,0.352114722871656,3.67580492650966,0.000237100650829939,0.00222535841892925,"BQ2027_RS04375",NA,"tRNA-Glu"
"lcl|NC_002945.4_trna_BQ2027_RS04380_12",42.1872279324189,-2.86331641061449,0.448529570458344,-6.3837851486325,1.72763438731873e-10,8.81093537532553e-09,"BQ2027_RS04380",NA,"tRNA-Asp"
"lcl|NC_002945.4_trna_BQ2027_RS04385_13",33.396586144364,-0.138090479087181,0.389104184587067,-0.354893328206502,0.722669506894321,0.916797404975278,"BQ2027_RS04385",NA,"tRNA-Phe"
"lcl|NC_002945.4_trna_BQ2027_RS04835_14",17.4308506275849,-0.223925271738178,0.445279390815356,-0.502887122909834,0.615043635142527,0.896206439779111,"BQ2027_RS04835",NA,"tRNA-Arg"
"lcl|NC_002945.4_trna_BQ2027_RS05235_15",54.8110261772652,-0.100659424128757,0.322584326668468,-0.312040653581437,0.755009627626699,0.916797404975278,"BQ2027_RS05235",NA,"tRNA-Ala"
"lcl|NC_002945.4_trna_BQ2027_RS05360_16",23.6443384615352,0.668404897108598,0.443100212220434,1.5084734303311,0.131433401851701,0.291439282366816,"BQ2027_RS05360",NA,"tRNA-Gln"
"lcl|NC_002945.4_trna_BQ2027_RS05550_17",39.0016712803529,0.103123603359777,0.364542345384153,0.282885115173947,0.777264905115024,0.918935643703007,"BQ2027_RS05550",NA,"tRNA-Leu"
"lcl|NC_002945.4_trna_BQ2027_RS06755_18",10.9876490613625,-0.817355285154447,0.479028794099042,-1.70627589661229,0.0879567236058503,0.216593144558856,"BQ2027_RS06755",NA,"tRNA-Arg"
"lcl|NC_002945.4_rrna_BQ2027_RS06880_19",105759.944178939,-0.613329995296202,0.342593385851534,-1.79025638154612,0.0734127049006564,0.197055155259657,"BQ2027_RS06880",NA,NA
"lcl|NC_002945.4_rrna_BQ2027_RS06885_20",178404.773341313,-1.54307027732908,0.422709774413193,-3.65042487950788,0.000261806872815206,0.00222535841892925,"BQ2027_RS06885",NA,NA
"lcl|NC_002945.4_rrna_BQ2027_RS06890_21",1303.03820651376,0.325182735696555,0.371536412963701,0.875237861889801,0.381444496141572,0.627537719458715,"BQ2027_RS06890",NA,NA
"lcl|NC_002945.4_trna_BQ2027_RS07060_22",8.06788275735695,-0.951752377716102,0.501002553049835,-1.89969566406866,0.0574730696807972,0.195408436914711,"BQ2027_RS07060",NA,"tRNA-Leu"
"lcl|NC_002945.4_trna_BQ2027_RS08425_23",6.37657903900332,-0.988029845389923,0.544635305800156,-1.8141127372166,0.0696603709850862,0.197055155259657,"BQ2027_RS08425",NA,"tRNA-Leu"
"lcl|NC_002945.4_trna_BQ2027_RS08910_24",12.9859673184646,0.196020066688152,0.444739702652499,0.44075234461654,0.659392297093782,0.908892085183321,"BQ2027_RS08910",NA,"tRNA-Pro"
"lcl|NC_002945.4_trna_BQ2027_RS11020_25",12.66253597262,-0.571138340631492,0.459775489882116,-1.24221136880944,0.214158586141033,0.40452177382195,"BQ2027_RS11020",NA,"tRNA-Leu"
"lcl|NC_002945.4_ncrna_BQ2027_RS11465_26",437461.468032074,1.11059079802873,0.336808901220606,3.29739147036764,0.000975873809589676,0.00710993775558193,"BQ2027_RS11465",NA,NA
"lcl|NC_002945.4_trna_BQ2027_RS11530_27",29.7424761009935,0.710239763266233,0.391782267615328,1.81284305588732,0.0698560310883094,0.197055155259657,"BQ2027_RS11530",NA,"tRNA-Val"
"lcl|NC_002945.4_trna_BQ2027_RS11900_28",31.9782037737168,0.208025661526504,0.37689924598057,0.55193971265527,0.580989658763395,0.896206439779111,"BQ2027_RS11900",NA,"tRNA-Ile"
"lcl|NC_002945.4_trna_BQ2027_RS12085_29",20.3979696228213,0.030551923312483,0.463126489720962,0.065968852982024,0.947402623138242,0.947402623138242,"BQ2027_RS12085",NA,"tRNA-Asn"
"lcl|NC_002945.4_trna_BQ2027_RS12690_30",55.3180047856729,-0.0234517149836551,0.319780887015245,-0.0733368251071777,0.941538088384442,0.947402623138242,"BQ2027_RS12690",NA,"tRNA-Pro"
"lcl|NC_002945.4_trna_BQ2027_RS12695_31",23.9190247165429,-0.163504723187018,0.492089114721779,-0.332266490551131,0.739688040546243,0.916797404975278,"BQ2027_RS12695",NA,"tRNA-Gly"
"lcl|NC_002945.4_trna_BQ2027_RS12810_32",6.32142649760273,-0.734568116916161,0.52103345579347,-1.40982907862894,0.15859015813961,0.337004086046671,"BQ2027_RS12810",NA,"tRNA-Arg"
"lcl|NC_002945.4_trna_BQ2027_RS12950_33",20.4217793674101,0.0949803709259167,0.434107552560825,0.218794559932492,0.826810084757995,0.918935643703007,"BQ2027_RS12950",NA,"tRNA-His"
"lcl|NC_002945.4_trna_BQ2027_RS12990_34",34.2048810708865,0.155206122559892,0.402322068338128,0.385775811903636,0.699662710565098,0.916797404975278,"BQ2027_RS12990",NA,"tRNA-Lys"
"lcl|NC_002945.4_trna_BQ2027_RS13660_35",64.3042977528686,0.599106809470436,0.324348662891043,1.84710738169959,0.0647315788693098,0.197055155259657,"BQ2027_RS13660",NA,"tRNA-Val"
"lcl|NC_002945.4_trna_BQ2027_RS13665_36",29.4064960610822,-1.37215033111395,0.435100676694936,-3.15363869699521,0.00161248584513341,0.0102795972627255,"BQ2027_RS13665",NA,"tRNA-Gly"
"lcl|NC_002945.4_trna_BQ2027_RS13670_37",4.86540212714359,-0.0607444966231457,0.551085854042435,-0.110226920501698,0.912229412882247,0.947402623138242,"BQ2027_RS13670",NA,"tRNA-Cys"
"lcl|NC_002945.4_trna_BQ2027_RS13675_38",15.6087716397652,-0.602200022073534,0.434354457430416,-1.38642533021549,0.165617066242745,0.3378588151352,"BQ2027_RS13675",NA,"tRNA-Val"
"lcl|NC_002945.4_trna_BQ2027_RS15390_39",8.7794157671575,-1.42847822399293,0.514162206871473,-2.77826375587737,0.00546502373254731,0.0253378373054466,"BQ2027_RS15390",NA,"tRNA-Glu"
"lcl|NC_002945.4_trna_BQ2027_RS15395_40",18.0077594402168,0.467194971205139,0.461636925331644,1.01203986416273,0.311518993380318,0.54784374697918,"BQ2027_RS15395",NA,"tRNA-Gln"
"lcl|NC_002945.4_trna_BQ2027_RS15800_41",34.2843514465457,0.481411967819118,0.379642337794545,1.26806712500978,0.204773980378585,0.401672038434917,"BQ2027_RS15800",NA,"tRNA-Ala"
"lcl|NC_002945.4_tmrna_BQ2027_RS15965_42",1368925.37412642,0.698196029208258,0.354069986287808,1.97191531687954,0.0486192744699712,0.177113071283467,"BQ2027_RS15965",NA,NA
"lcl|NC_002945.4_trna_BQ2027_RS16430_43",29.0566877664104,-1.8433599310041,0.432949938255428,-4.25767454415612,2.06564370731857e-05,0.000263369572683118,"BQ2027_RS16430",NA,"tRNA-Met"
"lcl|NC_002945.4_trna_BQ2027_RS18685_44",16.5613394706903,-0.098846447665841,0.470796212862847,-0.209955910785198,0.833702084110336,0.918935643703007,"BQ2027_RS18685",NA,"tRNA-Thr"
"lcl|NC_002945.4_trna_BQ2027_RS18900_45",91.7883889919996,-1.23573278594625,0.275950847228318,-4.47809020467991,7.53137786564738e-06,0.000137299572473171,"BQ2027_RS18900",NA,"tRNA-Pro"
"lcl|NC_002945.4_ncrna_BQ2027_RS19110_46",109.042085847722,0.0597060605185016,0.309160018920253,0.193123485782625,0.846862259883163,0.918935643703007,"BQ2027_RS19110",NA,NA
"lcl|NC_002945.4_trna_BQ2027_RS19115_47",76.3415060834062,1.37311788826072,0.307656854334515,4.46314739592225,8.07644543959828e-06,0.000137299572473171,"BQ2027_RS19115",NA,"tRNA-Ser"
"lcl|NC_002945.4_trna_BQ2027_RS19255_48",16.9980778039254,-0.281958845011347,0.467730115447848,-0.602823798808364,0.546625912872617,0.871185048640734,"BQ2027_RS19255",NA,"tRNA-Ser"
"lcl|NC_002945.4_trna_BQ2027_RS19365_49",14.5764245310293,-0.0393316925713101,0.470399096815185,-0.0836134525716641,0.93336377078749,0.947402623138242,"BQ2027_RS19365",NA,"tRNA-Arg"
"lcl|NC_002945.4_trna_BQ2027_RS19370_50",41.3101437419748,0.23442708063081,0.453039066702164,0.517454448988892,0.604838958880208,0.896206439779111,"BQ2027_RS19370",NA,"tRNA-Ser"
"lcl|NC_002945.4_trna_BQ2027_RS19400_51",32.3750812849576,-0.823987647533171,0.843355819962694,-0.977034399987446,0.328552122247178,0.558538607820203,"BQ2027_RS19400",NA,"tRNA-Ser"
